flight_id,aircraft_id,reg,equip,callsign,flight,schd_from,schd_to,real_to,reserved
527750696,9015309,B16739,B77W,EVA026,BR26,TPE,SEA,SEA,
527753661,9015350,B16731,B77W,EVA010,BR10,TPE,YVR,YVR,
527757665,10878969,N486MC,B744,GTI8623,5Y8623,MLB,EIL,EIL,
527758675,7866990,BLJK,B748,CPA097,CX97,GDL,ANC,ANC,
527760303,7785698,9VSGB,A359,SIA22,SQ22,SIN,EWR,EWR,
527761444,7864864,BKPI,B77W,CPA888,CX888,HKG,YVR,YVR,
527764765,7867569,B2008,B77W,CSN399,CZ399,CAN,JFK,JFK,
527766302,11155406,N758AN,B772,AAL61,AA61,DFW,NRT,NRT,
527766638,8840308,JA865J,B789,JAL11,JL11,DFW,NRT,NRT,
527771786,12588835,CFITU,B77W,ACA001,AC1,YYZ,HND,HND,
527770342,7868378,B7878,B789,CCA888,CA888,LAX,PEK,PEK,
527771078,7864881,BLJA,B748,CPA071,CX71,IAH,ANC,ANC,
527772920,11231459,N832MH,B764,DAL167,DL167,SEA,NRT,NRT,
527772502,11236883,N838AA,B789,,,LAX,,,
527776244,10658531,N26906,B788,UAL143,UA143,DEN,NRT,NRT,
527776350,7454241,HL7621,A388,KAL018,KE18,LAX,ICN,ICN,
527778089,0,,,,N319PP,,,,
527777776,10894847,N501DN,A359,DAL89,DL89,LAX,PVG,PVG,
527777797,7867568,B2007,B77W,CSN622,CZ622,LAX,CAN,CAN,
527779053,7865820,B2076,B77L,CKK222,CK222,LAX,PVG,PVG,
527779387,10642842,N2534U,B77W,UAL888,UA888,SFO,PEK,PEK,
527780142,7868218,B7347,B77W,CES586,MU586,LAX,PVG,PVG,
527779642,11275175,N87527,B738,UAL1126,UA1126,DEN,ANC,ANC,
527781763,7453189,HL7205,B77W,KAL024,KE24,SFO,ICN,ICN,
527783570,7867808,B2025,B77W,CES590,MU590,SFO,PVG,PVG,
527786244,7867682,B5961,A332,CES582,MU582,YVR,PVG,PVG,
527787510,8835652,JA813A,B788,ANA177,NH177,SEA,NRT,NRT,
527787619,10941877,N548AS,B738,ASA131,AS131,PDX,ANC,ANC,
527789581,12595128,CFSBV,B789,ACA025,AC25,YVR,PVG,PVG,
527789431,10668851,N27965,B789,UAL198,UA198,LAX,PVG,PVG,
527789976,7868506,B1539,B789,CHH496,HU496,SEA,PEK,PEK,
527790331,10908494,N51446,O1,N51446,N51446,HOM,,,
527790169,12594887,CFRSO,B789,ACA063,AC63,YVR,YYJ,ICN,
527791967,10638551,N24973,B789,UAL857,UA857,SFO,PVG,PVG,
527792102,11139636,N742CK,B744,CKS247,K4247,CVG,ANC,ANC,
527793419,7868475,B8579,A333,CCA992,CA992,YVR,PEK,PEK,
527793985,7866746,B2722,B788,CHH7990,HU7990,SJC,PEK,PEK,
527794116,7867384,B2047,B77W,CCA988,CA988,LAX,PEK,PEK,
527795121,12590162,CFKSV,B789,ACA007,AC7,YVR,HKG,HKG,
527794834,8836508,JA821J,B788,JAL17,JL17,YVR,NRT,NRT,
527795491,0,,DH8A,RVF864,7H864,KSM,ANC,ANC,
527795632,7866120,B2725,B788,CSN378,CZ378,YVR,CAN,CAN,
527795804,0,,B190,HAG6712,H66712,KSM,ANC,ANC,
527796074,10548477,N1607B,B763,DAL589,DL589,SEA,PVG,PVG,
527796819,10870499,N478AS,B739,ASA123,AS123,SEA,FAI,FAI,
527797170,7454853,HL8085,B789,KAL072,KE72,YVR,ICN,ICN,
527797817,10954491,N560AS,B738,ASA97,AS97,SEA,ANC,ANC,
527797588,7867576,B2487,B748,CCA986,CA986,SFO,PEK,PEK,
527799299,11006094,N610UP,B748,UPS76,5X76,SDF,ANC,ANC,
527799539,12588890,CFIVX,B77W,ACA029,AC29,YVR,PEK,PEK,
527800120,7454260,HL7634,A388,AAR201,OZ201,LAX,ICN,ICN,
527800685,11036932,N641AT,PC12,N641AT,,MRI,ENA,ENA,
527801352,7866983,BKQS,B77W,CPA837,CX837,YVR,HKG,HKG,
527801608,10799967,N408LM,B407,N408LM,,MRI,,,
527802128,11283762,N884FD,B77L,FXN884FD,FX5235,ANC,,,
527803234,10668644,N27908,B788,UAL891,UA891,SFO,PVG,PVG,
527803754,10794967,N403AS,B739,ASA125,AS125,SEA,ANC,ANC,
527806347,10497097,N110AX,B190,AER147,KO147,ANC,ADQ,ENA,
527806305,11321797,N9209H,C182,N9209H,,MRI,,,
527806583,10283326,NA,,N9390B,,MRI,,,
527806734,10782137,N3904M,PA12,N3904M,,MRI,,,
527807034,0,,,HAG002,H62,,ANI,ANI,
527808805,10794252,N402LC,C130,LYC402,L2402,HPB,ANC,ANC,
527809365,0,,PA31,HAG0AK,,FAI,,,
527809992,10603354,N2144Z,C180,N2144Z,,ANC,,,
527809899,7864883,BLJC,B748,CPA2081,CX2081,LAX,ANC,ANC,
527810275,7454728,HL8008,B77W,KAL026,KE26,SFO,ICN,ICN,
527810384,11021464,N626AS,B737,ASA7013,AS7013,ANC,BET,BET,
527810444,11004095,N609AS,B737,ASA55,AS55,FAI,ANC,ANC,
527810504,0,,,HAG53C,,KSM,,,
527810451,11067060,N6704Z,B752,DAL2597,DL2597,MSP,ANC,ANC,
527810978,11377235,N976E,C208,N976E,,,,,
527811266,7869213,B1042,A333,CBJ472,JD472,YVR,TAO,TAO,
527811479,10939938,N5459R,C172,N5459R,,,,,
527811729,7454786,HL8042,B77W,KAL093,KE93,ICN,IAD,IAD,
527811790,11329865,N929TG,C208,N929TG,GV514,ANC,ENA,ENA,
527812111,10607673,N219PC,PC12,RYA219,7S219,ANC,ANC,ANC,
527812481,11290992,N891EA,DH8A,RVF878,7H878,ANC,HOM,HOM,
527812974,10796071,N404GV,B190,N404GV,,,,,
527813542,10549269,N1612T,B763,DAL129,DL129,SEA,PEK,PEK,
527813484,0,,,HAG48M,,UNK,,,
527813743,0,,,,,,,,
527814012,10945331,N551AS,B738,ASA50,AS50,ANC,SCC,SCC,
527814177,11215179,N816SW,C172,N816SW,,MRI,,,
527814138,10573149,N185XS,C185,N185XS,,MRI,MRI,MRI,
527814352,10981370,N587AS,B738,ASA52,AS52,ANC,SEA,SEA,
527814373,10812232,N42WP,PA31,WAV2WP,,,,,
527814447,11077684,N681PA,SB20,NLA3286,KS3286,MRI,,,
527814935,11291943,N892EA,DH8A,,,,,,
527815039,11285636,N886EA,DH8A,,,MRI,,,
527815223,9015585,B16781,B77L,EVA670,BR670,TPE,ANC,ANC,
527815454,0,,,,,,,,
527815494,11006598,N611AS,B737,ASA49,AS49,ANC,ADQ,ADQ,
527815554,11292894,N893EA,DH8A,,,MRI,,,
527815800,10988628,N594AS,B738,ASA828,AS828,ANC,HNL,HNL,
527815874,10819944,N428AS,B739,ASA872,AS872,ANC,KOA,KOA,
527816052,10845919,N453SP,C172,N453SP,,,MRI,MRI,
527816366,11288489,N889EA,DH8A,12345679,7H864,KSM,ANC,ANC,
527816516,12594905,CFRTG,B789,ACA003,AC3,YVR,NRT,NRT,
527816586,10665996,N27663,PA31,N27663,,,,,
527816686,0,,,,,,,,
527816874,11282783,N883EA,DH8A,,,MRI,,,
527816970,11329865,N929TG,C208,N929TG,,ENA,ANC,ANC,
527816947,11371004,N97HA,C208,N97HA,,,,,
527816958,0,,,AER918,KO918,FAI,,,
527817228,10969690,N575Q,B190,N575Q,H68510,FAI,NUI,NUI,
527817311,8842200,JA887A,B789,ANA115,NH115,YVR,HND,HND,
527817385,0,,CNC,HAG69M,7H3120,KWT,KUK,KUK,
527817767,0,,,,,,,,
527817918,0,,,,,,,,
527818091,10685390,N296AK,B739,ASA179,AS179,ANC,FAI,FAI,
527818202,7454276,HL7644,B748,KAL035,KE35,ICN,ATL,ATL,
527818285,11106415,N70901,C182,N70901,N7901,TAL,FAI,FAI,
527818318,10768498,N3772H,B738,DAL1901,DL1901,ANC,SEA,SEA,
527818415,11284713,N885FD,B77L,,,ANC,,,
527818536,0,,B190,AER67,KO67,DUT,ANC,ANC,
527818497,0,,,,,,,,
527818661,10681586,N292AK,B739,ASA120,AS120,ANC,SEA,SEA,
527818869,11255370,N856GT,B748,CPA86,CX86,HKG,ANC,ANC,
527818944,10501852,N115AX,B190,,,,,,
527818979,10583621,N1958Y,C180,N1958Y,,,,,
527820683,0,,,HAG002,H62,ANI,HCR,HCR,
527820649,10941171,N547LM,BE20,LN547LM,,BET,,,
527820886,11008500,N613AS,B737,ASA66,AS66,ANC,CDV,CDV,
527821674,10828930,N4365U,C208,,,,FAI,FAI,
527821951,11290992,N891EA,DH8A,,,HOM,,,
527821950,11285636,N886EA,DH8A,,,,,,
527822199,7454248,HL7628,A388,KAL081,KE81,ICN,JFK,JFK,
527822587,7866990,BLJK,B748,CPA097,CX97,ANC,HKG,HKG,
527823009,11379698,N97811,C172,N97811,N97811,MRI,MRI,MRI,
527823206,8819148,JA785A,B77W,ANA110,NH110,HND,JFK,JFK,
527823506,0,,,,,,,,
527823478,7864892,BKPP,B77W,CPA830,CX830,HKG,JFK,JFK,
527823627,11329865,N929TG,C208,N929TG,GV514,ANC,ENA,ENA,
527823779,7454594,HL7782,B77W,KAL031,KE31,ICN,DFW,DFW,
527823943,10610579,N22131,C185,N22131,N22131,,,,
527824096,0,,,HAG002,H62,HCR,HCR,HCR,
527824225,8818300,JA777A,B77W,ANA112,NH112,HND,ORD,ORD,
527824377,11021464,N626AS,B737,ASA7014,AS7014,BET,ANC,ANC,
527824436,8814500,JA733A,B77W,ANA2,NH2,NRT,IAD,IAD,
527824768,7455256,HL8218,B77W,KAL037,KE37,ICN,ORD,ORD,
527825089,7864990,B2425,B744,CKK227,CK227,PVG,ANC,ANC,
527825146,11142489,N745CK,B744,CKS2542,K42542,ORD,ANC,ANC,
527825200,7864850,BKPF,B77W,CPA806,CX806,HKG,ORD,ORD,
527825279,11106415,N70901,C182,N70901,N7901,FAI,,,
527825320,0,,PA31,HAG0AK,,GAL,,,
527825319,11006598,N611AS,B737,ASA40,AS40,ADQ,ANC,ANC,
527826469,11123171,N726AN,B77W,AAL193,AA193,LAX,HKG,HKG,
527826577,10691224,N30063,P28A,N30063,N363,DLG,AKN,AKN,
527826645,10573149,N185XS,C185,N185XS,,,MRI,MRI,
527826801,8814474,JA732J,B77W,JAL10,JL10,NRT,ORD,ORD,
527826994,7454577,HL7771,A359,AAR222,OZ222,ICN,JFK,JFK,
527827110,10800393,N4082T,PA31,WAV82T,,,FAI,FAI,
527827220,8814678,JA738J,B77W,JAL6,JL6,HND,JFK,JFK,
527827626,0,,,HAG002,H62,ANV,,,
527827761,10685390,N296AK,B739,ASA148,AS148,FAI,ANC,ANC,
527828217,10959246,N565AS,B738,ASA869,AS869,OGG,ANC,ANC,
527828143,10818429,N426SD,BE20,N426SD,,SKK,,,
527828623,9015604,B16785,B77L,EVA659,BR659,ORD,ANC,ANC,
527828985,11329865,N929TG,C208,N929TG,,ENA,ANC,ANC,
527829093,11008500,N613AS,B737,ASA66,AS66,CDV,YAK,YAK,
527829217,11285636,N886EA,DH8A,,,ANC,,,
527829157,10624724,N236AK,B739,ASA95,AS95,SEA,ANC,ANC,
527829184,11345782,N9448B,C208,GUN48B,GV294,BET,BET,BET,
527829525,11290992,N891EA,DH8A,,,ANC,,,
527829652,10573149,N185XS,C185,N185XS,,MRI,,,
527829943,11004095,N609AS,B737,ASA147,AS147,ANC,FAI,FAI,
527830368,10954491,N560AS,B738,ASA136,AS136,ANC,SEA,SEA,
527830392,10870499,N478AS,B739,ASA124,AS124,FAI,SEA,SEA,
527830696,10812232,N42WP,PA31,WAV2WP,,,FAI,FAI,
527830794,7864881,BLJA,B748,CPA071,CX71,ANC,HKG,HKG,
527831338,11009451,N614AS,B737,ASA153,AS153,ANC,OTZ,OTZ,
527831677,0,,,,,,,,
527831927,11286587,N887EA,DH8A,,,,,,
527832091,10660117,N27015,B772,UAL180,UA180,HKG,EWR,EWR,
527832792,11252517,N853GT,B748,PAC997,PO997,LAX,ANC,ANC,
527833034,11288489,N889EA,DH8A,12345679,,ANC,ADQ,ADQ,
527833083,10618691,N23MJ,,N23MJ,,MRI,,,
527833228,11393563,N992AK,BE99,,,,,,
527833495,11077684,N681PA,SB20,NLA3287,AS3287,DUT,ANC,ANC,
527833690,11186177,N788UA,B772,UAL896,UA896,HKG,ORD,ORD,
527834227,11379698,N97811,C172,N97811,N97811,MRI,,,
527834706,0,,C208,HAG8GV,,UNK,KSM,KSM,
527835748,0,,,,,,,,
527835656,10941877,N548AS,B738,ASA45,AS45,ANC,BET,BET,
527836938,11329865,N929TG,C208,N929TG,GV514,ANC,ENA,ENA,
527836985,11021464,N626AS,B737,ASA9624,AS9624,ANC,OME,OME,
527836980,7868220,B7369,B77W,CES587,MU587,PVG,JFK,JFK,
527837462,10945331,N551AS,B738,ASA50,AS50,BRW,ANC,ANC,
527837795,11285636,N886EA,DH8A,,,,,,
527837821,10969690,N575Q,B190,N575Q,,SCC,FAI,FAI,
527838131,11046914,N65065,C172,,,MRI,,,
527838044,10676230,N287AK,B739,ASA109,AS109,SEA,ANC,ANC,
527838572,0,,,RYA48,7S48,EEK,,,
527838644,7865511,B2003,B77W,CES717,MU717,PVG,ORD,ORD,
527838952,11284685,N885EA,DH8A,12345678,,BET,ANC,ANC,
527839251,0,,,,,,,,
527839491,7866914,BLNJ,A332,CRK080,HX80,HKG,YVR,YVR,
527839623,7865697,B2005,B77W,CES207,MU207,PVG,YYZ,YYZ,
527839749,10549185,N1610D,B763,DAL128,DL128,PEK,SEA,SEA,
527839926,11004095,N609AS,B737,ASA194,AS194,FAI,ANC,ANC,
527840362,11292894,N893EA,DH8A,,,,,,
527840390,10497097,N110AX,B190,AER147,KO147,ANC,,,
527840529,11329865,N929TG,C208,N929TG,,ENA,ANC,ANC,
527840780,11291020,N891FD,B77L,FDX5230,FX5230,MEM,ANC,ANC,
527841159,10683488,N294AK,B739,ASA143,AS143,PDX,ANC,ANC,
527841565,7867768,B2763,B788,CXA845,MF845,SZX,SEA,SEA,
527841776,11288489,N889EA,DH8A,12345679,7H828,ADQ,ANC,ANC,
527841917,11046914,N65065,C172,,,MRI,MRI,MRI,
527841938,11279930,N880EA,DH8A,,,,,,
527842104,10692305,N302AS,B739,ASA187,AS187,SEA,ANC,ANC,
527842233,11250576,N851FD,B77L,FDX19,FX19,MEM,ANC,NRT,
527842561,12615956,CGWWX,B190,,,,,,
527842826,11290992,N891EA,DH8A,,,,,,
527843251,10794967,N403AS,B739,ASA215,AS215,ANC,FAI,FAI,
527843612,10549288,N1613B,B763,DAL588,DL588,PVG,SEA,SEA,
527844732,11282783,N883EA,DH8A,,,,,,
527844826,11139636,N742CK,B744,CKS247,K4247,ANC,HKG,HKG,
527845105,0,,,,,,,,
527845517,11039784,N644AS,B737,,,ANC,,,
527845566,11329865,N929TG,C208,N929TG,GV514,ANC,ENA,ENA,
527845698,11008947,N613UP,B748,UPS64,5X64,ANC,,,
527845871,10931766,N538AS,B738,ASA67,AS67,JNU,ANC,ANC,
527845877,11020513,N625AS,B737,ASA7018,AS7018,ADK,ANC,ANC,
527846512,7453186,HL7202,B77W,KAL019,KE19,ICN,SEA,SEA,
527846856,11171821,N774AK,BE20,LN774AK,,SMK,ANC,ANC,
527846874,7867391,B5941,A332,CES581,MU581,PVG,YVR,YVR,
527847092,11292894,N893EA,DH8A,,,MRI,,,
527847153,7869471,B1138,B789,CHH7959,HU7959,SZX,YVR,YVR,
527847203,10799722,N408AS,B739,ASA735,AS735,SEA,ANC,ANC,
527847404,0,,,,,,,,
527847397,10738489,N348CA,,,,,,,
527847950,10626626,N238AK,B739,ASA117,AS117,SEA,FAI,FAI,
527848418,7454229,HL7615,A388,KAL012,KE12,LAX,ICN,ICN,
527848710,7864883,BLJC,B748,CPA2081,CX2081,ANC,HKG,HKG,
527848818,0,,,,,,,,
527849134,0,,,,,,,,
527849120,0,,,,,,,,
527849871,7866747,B2723,B788,CHH481,HU481,PEK,BOS,BOS,
527850087,10768498,N3772H,B738,DAL1945,DL1945,SEA,ANC,ANC,
527850036,11021464,N626AS,B737,ASA9628,AS9628,OME,ANC,ANC,
527850089,7867154,B2733,B788,CSN329,CZ329,CAN,YVR,YVR,
527850131,10941877,N548AS,B738,ASA46,AS46,BET,ANC,ANC,
527850160,11009451,N614AS,B737,,,,,,
527850412,7867806,B2022,B77W,CES578,MU578,LAX,PVG,PVG,
527851307,7868690,B7838,B789,CXA830,MF830,LAX,XMN,XMN,
527851408,11329865,N929TG,C208,N929TG,,ENA,ANC,ANC,
527851514,7868182,B7185,B77W,CSN658,CZ658,SFO,CAN,CAN,
527851621,11067060,N6704Z,B752,DAL2597,DL2597,ANC,MSP,MSP,
527851894,9015525,B16723,B77W,EVA051,BR51,IAH,TPE,TPE,
527852078,10939269,N545LM,BE20,N545LM,,ADK,ANC,ANC,
527852231,7867508,B2048,B77W,CSN311,CZ311,CAN,YYZ,YYZ,
527852160,7866167,B6137,A388,CSN328,CZ328,LAX,CAN,CAN,
527853319,11292894,N893EA,DH8A,,,,,,
527853619,7455496,HL8308,A359,AAR211,OZ211,SFO,ICN,ICN,
527853902,0,,,,,,,,
527854027,10978517,N584AS,B738,ASA105,AS105,SEA,ANC,ANC,
527854075,10941171,N547LM,BE20,,,MRI,,,
527854114,9015311,B18902,A359,CAL023,CI23,ONT,TPE,TPE,
527854470,7454595,HL7783,B77W,KAL006,KE6,LAS,ICN,ICN,
527854383,10941171,N547LM,BE20,LN547LM,,,,,
527854514,10945331,N551AS,B738,ASA106,AS106,ANC,SEA,SEA,
527855141,7454272,HL7640,A388,AAR203,OZ203,LAX,ICN,ICN,
527855185,7868510,B1543,B789,CHH470,HU470,LAX,CTU,CTU,
527855142,11329865,N929TG,C208,N929TG,GV514,ANC,ENA,ENA,
527855291,7866572,B2035,B77W,CCA987,CA987,PEK,LAX,LAX,
527855375,7866219,B2085,B77W,CCA984,CA984,LAX,PEK,PEK,
527855360,10896749,N503DN,A359,DAL276,DL276,NRT,DTW,DTW,
527855786,8836704,JA827A,B788,ANA179,NH179,MEX,NRT,NRT,
527855874,0,,C208,GUN522,GV522,ENA,ENA,ENA,
527856574,10624724,N236AK,B739,ASA180,AS180,ANC,JNU,JNU,
527857004,11262536,N863DA,B772,DAL120,DL120,HND,MSP,MSP,
527857641,10637704,N249BA,BLCF,GTI4131,5Y4131,NGO,,ANC,
527857954,10988628,N594AS,B738,ASA871,AS871,HNL,ANC,ANC,
527858721,11138685,N741CK,B744,CKS427,K4427,DNA,MRI,MRI,
527858727,7866222,B2088,B77W,CCA886,CA886,IAH,PEK,PEK,
527858964,11192484,N794UA,B772,UAL804,UA804,NRT,IAD,IAD,
527859144,10674328,N285AK,B739,ASA601,AS601,LAX,ANC,ANC,
527859326,10653155,N264AK,B739,ASA183,AS183,SEA,ANC,ANC,
527859295,7868765,B8386,A333,CCA991,CA991,PEK,YVR,YVR,
527860057,11275175,N87527,B738,UAL1104,UA1104,ANC,DEN,DEN,
527860733,8819182,JA786A,B77W,ANA10,NH10,NRT,JFK,JFK,
527860735,10556288,N169DZ,B763,DAL68,DL68,NRT,PDX,PDX,
527861017,7867036,BHNR,B77W,CPA838,CX838,HKG,YVR,YVR,
527861308,8819250,JA788A,B77W,ANA12,NH12,NRT,ORD,ORD,
527861460,10900553,N507DN,A359,DAL26,DL26,ICN,ATL,ATL,
527862422,11101119,N704DK,B77L,DAL296,DL296,NRT,ATL,ATL,
527862873,11022415,N627AS,B737,ASA7095,AS7095,SEA,ANC,ANC,
527862990,7867017,BKQU,B77W,CPA840,CX840,HKG,JFK,JFK,
527863324,12588879,CFIVM,B77W,ACA016,AC16,HKG,YYZ,YYZ,
527863270,11228005,N829MH,B764,DAL166,DL166,NRT,SEA,SEA,
527863631,11178144,N780BA,BLCF,GTI4136,5Y4136,NGO,,ANC,
527864056,11178744,N78001,B772,UAL87,UA87,PVG,EWR,EWR,
527864098,7866936,BKQF,B77W,CPA826,CX826,HKG,YYZ,YYZ,
527864209,10931766,N538AS,B738,ASA172,AS172,ANC,PHX,PHX,
527864413,7868716,B8962,A332,CSC8632,3U8632,LAX,HGH,HGH,
527864649,10622550,N2332U,B77W,UAL78,UA78,NRT,EWR,EWR,
527864982,9015309,B16739,B77W,EVA025,BR25,SEA,TPE,TPE,
527865247,10673377,N284AK,B739,ASA103,AS103,SEA,FAI,FAI,
527865394,11256474,N857NW,A332,DAL94,DL94,NGO,DTW,DTW,
527866361,10658531,N26906,B788,UAL142,UA142,NRT,DEN,DEN,
527866799,11213273,N814SS,DHC6,N814SS,,ANC,ENA,ENA,
527866867,9015350,B16731,B77W,EVA009,BR9,YVR,TPE,TPE,
527867454,10676230,N287AK,B739,ASA150,AS150,ANC,LAX,LAX,
527867696,11197239,N799UA,B772,UAL836,UA836,PVG,ORD,ORD,
527868035,10692305,N302AS,B739,ASA108,AS108,ANC,SEA,SEA,
527868058,11250615,N851GT,B748,PAC213,PO213,CVG,ANC,ANC,
527868463,12594887,CFRSO,B789,ACA064,AC64,ICN,YVR,YVR,
527868520,8835652,JA813A,B788,ANA178,NH178,NRT,SEA,SEA,
527868985,8840410,JA868J,B789,JAL8,JL8,NRT,BOS,BOS,
527869352,7864851,BKPG,B77W,CPA865,CX865,YVR,HKG,HKG,
527869590,10683488,N294AK,B739,ASA134,AS134,ANC,PDX,PDX,
527869717,7454609,HL7791,B772,AAR272,OZ272,ICN,SEA,SEA,
527869823,11210005,N811AB,B788,AAL262,AA262,PEK,DFW,DFW,
527869966,9015585,B16781,B77L,EVA670,BR670,ANC,DFW,ATL,
527870032,7867575,B2486,B748,CCA985,CA985,PEK,SFO,SFO,
527870124,12588835,CFITU,B77W,ACA002,AC2,HND,YYZ,YYZ,
527870075,7867042,BLRB,A359,CPA866,CX866,HKG,IAD,IAD,
527870121,10941171,N547LM,BE20,LN547LM,,BET,,,
527870940,8836746,JA828J,B788,JAL18,JL18,NRT,YVR,YVR,
527871459,11171821,N774AK,BE20,N774AK,,ANC,OME,OME,
527871652,7864990,B2425,B744,CKK227,CK227,ANC,ORD,ORD,
527871890,11252517,N853GT,B748,PAC997,PO997,ANC,ICN,ICN,
527872212,7455254,HL8216,B77W,KAL071,KE71,ICN,YVR,YVR,
527872586,12597420,CFVLZ,B789,ACA062,AC62,ICN,YYZ,YYZ,
527872684,7864836,BKPD,B77W,CPA812,CX812,HKG,BOS,BOS,
527872646,854109,XAAMR,B788,AMX098,AM98,TIJ,PVG,PVG,
527872981,9015604,B16785,B77L,EVA659,BR659,ANC,TPE,TPE,
527872973,11142489,N745CK,B744,CKS2542,K42542,ANC,ICN,ICN,
527873332,7455312,HL8250,B77W,KAL005,KE5,ICN,LAS,LAS,
527873640,10642842,N2534U,B77W,UAL889,UA889,PEK,SFO,SFO,
527873746,10609348,N220UA,B772,UAL882,UA882,NRT,ORD,ORD,
527874051,10856845,N464MC,B744,GTI8904,5Y8904,DNA,ANC,ANC,
527876155,7454258,HL7632,B748,KAL085,KE85,ICN,JFK,JFK,
527876072,12595128,CFSBV,B789,ACA026,AC26,PVG,YVR,YVR,
527876309,7867035,BLRA,A359,CPA890,CX890,HKG,EWR,EWR,
527876441,8814508,JA733J,B77W,JAL4,JL4,NRT,JFK,JFK,
527876883,12592046,CFNNH,B77L,ACA028,AC28,PVG,YYZ,YYZ,
527876947,7866991,BLJL,B748,CPA3291,CX3291,ATL,ANC,ANC,
527877005,10799722,N408AS,B739,ASA122,AS122,ANC,SEA,SEA,
527877407,10501852,N115AX,B190,AER41,KO41,ANC,JNU,YAK,
527877584,11236883,N838AA,B789,AAL180,AA180,PEK,LAX,LAX,
527878023,10548545,N1609,B763,DAL198,DL198,ICN,SEA,SEA,
527878551,10626626,N238AK,B739,ASA128,AS128,FAI,SEA,SEA,
527878982,7454789,HL8045,B77L,KAL8214,KE8214,SFO,ICN,ICN,
527879100,12588890,CFIVX,B77W,ACA030,AC30,PEK,YVR,YVR,
527881993,0,,B190,AER43,KO43,ANC,YAK,YAK,
527884095,10982434,N588FE,MD11,FDX14,FX14,TPE,ANC,ANC,
527884430,9015524,B16722,B77W,EVA032,BR32,TPE,JFK,JFK,
527884561,12594905,CFRTG,B789,ACA004,AC4,NRT,YVR,YVR,
527885608,11000738,N605UP,B748,UPS63,5X63,HKG,ANC,ANC,
527885650,9015346,B16729,B77W,EVA036,BR36,TPE,YYZ,YYZ,
527887885,12590162,CFKSV,B789,ACA008,AC8,HKG,YVR,YVR,
527889172,10799003,N407KZ,B744,GTI7136,5Y7136,NRT,ANC,ANC,
527890342,7865604,B2001,B77W,CES297,MU297,PVG,JFK,JFK,
527890614,7864837,BKPE,B77W,CPA846,CX846,HKG,JFK,JFK,
527890851,11255370,N856GT,B748,CPA86,CX86,ANC,LAX,LAX,
527891039,10503754,N117AX,B190,,,,,,
527891179,10737951,N347UP,B763,UPS109,5X109,NRT,ANC,ANC,
527892879,0,,,,N80AD,,,,
527893695,8843184,JA899A,B789,ANA116,NH116,HND,YVR,YVR,
527894061,7701754,RPC7782,B77W,PAL116,PR116,MNL,YVR,YVR,
527894850,10846782,N454PA,B744,PAC998,PO998,PVG,ANC,ANC,
527895461,7701795,RPC3504,A359,PR126,PR126,MNL,JFK,JFK,
527896200,11283762,N884FD,B77L,FDX5230,FX5230,ANC,ICN,ICN,
527897360,7866221,B2087,B77W,CCA983,CA983,PEK,LAX,LAX,
527898048,7455313,HL8251,B77L,KAL8235,KE8235,ICN,ANC,ANC,
527899540,11366085,N965AM,B788,AMX058,AM58,MEX,NRT,NRT,
527899885,10970755,N576UP,B744,UPS99,5X99,ICN,ANC,ANC,
527900601,10979581,N585FE,MD11,FDX5924,FX5924,ICN,ANC,ANC,
527901206,0,,,,,,,,
527901166,11286615,N887FD,B77L,FDX5986,FX5986,HKG,MEM,MEM,
527902290,10962099,N568AS,B738,ASA81,AS81,SEA,ANC,ANC,
527902738,10497097,N110AX,B190,AER31,KO31,ANC,AKN,AKN,
527902933,7453728,HL7420,B744,AAR5873,OZ5873,ICN,ANC,ANC,
527905083,10503754,N117AX,B190,,,,,,
527905125,10673377,N284AK,B739,ASA126,AS126,FAI,SEA,SEA,
527908288,10819944,N428AS,B739,ASA873,AS873,PDX,ANC,ANC,
527909748,10794967,N403AS,B739,ASA86,AS86,FAI,ANC,ANC,
527909760,0,,B737,ASA73,AS73,JNU,ANC,ANC,
527909910,10768498,N3772H,B738,DAL2020,DL2020,ANC,SEA,SEA,
527910063,11004095,N609AS,B737,ASA41,AS41,ANC,BET,BET,
527910108,10674328,N285AK,B739,ASA88,AS88,ANC,SEA,SEA,
527910199,10685390,N296AK,B739,ASA127,AS127,ANC,FAI,FAI,
527911275,0,,,,,,,,
527912936,7869118,B1356,B789,CXA805,MF805,XMN,YVR,YVR,
527913063,11288489,N889EA,DH8A,12345679,,ANC,FAI,FAI,
527913560,10947233,N553AS,B738,ASA133,AS133,SEA,FAI,FAI,
527913951,11020513,N625AS,B737,,,ANC,,,
527914246,11009451,N614AS,B737,,,ANC,,,
527915013,10711645,N321DL,B732,NAC722,NC722,ANC,OTZ,OTZ,
527915336,0,,,,B6740,,,,
527915402,11276504,N877FD,B77L,FDX13,FX13,PVG,MEM,MEM,
527916252,11290992,N891EA,DH8A,,,ANC,ENA,ENA,
527916570,0,,,,N103AK,,,,
527916562,0,,,,,,,,
527917130,0,,,HAG75A,,ANI,,,
527917325,12605653,CGHQQ,B788,ACA012,AC12,PVG,YUL,YUL,
527917425,0,,B190,HAG6710,H66710,ANC,ANI,ANI,
527917607,10812232,N42WP,PA31,WAV2WP,,FAI,,,
527917701,11329865,N929TG,C208,N929TG,,ENA,ANC,ANC,
527918373,10988628,N594AS,B738,ASA140,AS140,ANC,PDX,PDX,
527918481,9015360,B16736,B77W,EVA026,BR26,TPE,SEA,SEA,
527919815,0,,DH8A,RVF822,7H822,ENA,ENA,ENA,
527919885,10497097,N110AX,B190,AER31,KO31,AKN,ILI,ANC,
527920338,9015352,B16733,B77W,EVA010,BR10,TPE,YVR,YVR,
527920439,11224239,N825NW,A333,DAL7,DL7,LAX,HND,HND,
527920433,10503754,N117AX,B190,,,ANC,,,
527920997,9015330,B18905,A359,CAL032,CI32,TPE,YVR,YVR,
527921159,10881822,N489MC,B744,PAC948,PO948,HKG,ANC,ANC,
527921262,11291943,N892EA,DH8A,,,,,,
527921631,11006598,N611AS,B737,ASA157,AS157,ANC,OTZ,OTZ,
527921816,0,,,,,,,,
527922200,11141554,N744DA,PC12,N744DA,,FAI,SMK,SMK,
527922617,11168676,N77019,B772,UAL7,UA7,IAH,NRT,NRT,
527922738,10970421,N576FE,MD11,FDX5025,FX5025,ANC,,,
527922829,7867794,B5968,A332,CES597,MU597,PVG,YVR,YVR,
527923445,11329865,N929TG,C208,N929TG,GV514,ANC,ENA,ENA,
527925516,8819012,JA781A,B77W,ANA173,NH173,IAH,NRT,NRT,
527925591,11312032,N911NT,AS50,N911NT,,ANC,,,
527925681,11002306,N607FE,MD11,FDX169,FX169,ANC,,,
527925797,10685390,N296AK,B739,ASA904,AS904,FAI,ANC,ANC,
527926228,0,,,,,,,,
527926329,10969690,N575Q,B190,N575Q,H68510,FAI,NUI,NUI,
527927033,11251566,N852GT,B748,PAC214,PO214,NGO,CVG,CVG,
527927113,11288489,N889EA,DH8A,12345679,,FAI,ANC,ANC,
527927061,10751553,N360WA,B733,A,,ANC,OTZ,OTZ,
527927353,10794967,N403AS,B739,ASA112,AS112,ANC,SEA,SEA,
527927583,11221078,N822AN,B789,AAL175,AA175,DFW,NRT,NRT,
527927651,11377235,N976E,C208,N976E,,FAI,,,
527927826,11371004,N97HA,C208,N97HA,,FAI,,,
527927940,0,,,,,,,,
527928050,10931766,N538AS,B738,ASA171,AS171,PHX,ANC,ANC,
527928214,10792322,N400K,C185,N400K,,FAI,FAI,FAI,
527928257,0,,,,,,,,
527928354,11009451,N614AS,B737,ASA48,AS48,ADQ,ANC,ANC,
527928324,11329865,N929TG,C208,N929TG,,ENA,ANC,ANC,
527928588,11213273,N814SS,DHC6,N814SS,,ENA,ENA,ENA,
527928723,0,,SW4,TNV122,,MRI,,,
527928896,11178144,N780BA,BLCF,GTI4136,5Y4136,ANC,CHS,CHS,
527929307,10680718,N291DT,PC12,TN291DT,,MRI,,,
527929685,11290992,N891EA,DH8A,,,ENA,,,
527929775,11259683,N860DA,B772,DAL121,DL121,MSP,HND,HND,
527929801,11021464,N626AS,B737,ASA9621,AS9621,ANC,OTZ,OTZ,
527930604,11230226,N831AA,B789,AAL183,AA183,LAX,PVG,PVG,
527930778,10959246,N565AS,B738,ASA62,AS62,ANC,JNU,JNU,
527931129,11219305,N820FS,PA31,N820FS,,FAI,,,
527931072,8840172,JA861J,B789,JAL7,JL7,BOS,NRT,NRT,
527931655,11004095,N609AS,B737,ASA42,AS42,BET,ANC,ANC,
527931891,7869562,B300U,A333,CSN609,CZ609,SHE,LAX,LAX,
527931937,11113791,N7164D,PA31,N7164D,,FAI,,,
527932588,11207501,N809AA,B788,AAL153,AA153,ORD,NRT,NRT,
527932587,11263540,N864FD,B77L,FDX160,FX160,KIX,MEM,MEM,
527932530,10939938,N5459R,C172,N5459R,,MRI,WWA,WWA,
527932957,10672426,N283AK,B739,ASA177,AS177,SEA,ANC,ANC,
527933505,7454594,HL7782,B77W,KAL032,KE32,DFW,ICN,ICN,
527933537,0,,C208,GUN508,GV508,ENA,ENA,ENA,
527933618,11041687,N646AT,C208,N646AT,,MRI,,,
527933766,0,,DH8A,RVF828,7H828,ENA,ENA,ENA,
527933867,8840274,JA864J,B789,JAL11,JL11,DFW,NRT,NRT,
527933873,11149834,N752FX,C208,CFS8676,EM8676,ANC,HOM,HOM,
527934255,10653155,N264AK,B739,ASA144,AS144,ANC,SEA,SEA,
527934370,11039784,N644AS,B737,,,SIT,,,
527934447,11250615,N851GT,B748,PAC213,PO213,ANC,NRT,NRT,
527934693,10836138,N4434D,PA31,WAV34D,,FAI,,,
527934884,11291943,N892EA,DH8A,,,,,,
527934967,0,,,,,,,,
527934913,11143527,N746FX,C208,CFS8661,EM8661,ANC,ENA,ENA,
527935470,11306734,N906RA,SF34,,,MRI,,,
527935563,10764669,N3731T,B738,DAL1886,DL1886,SEA,ANC,ANC,
527935755,11189193,N791AN,B772,AAL61,AA61,DFW,NRT,NRT,
527935780,0,,,,L2405,,,,
527935827,11312032,N911NT,AS50,,,,,,
527935904,10710508,N32WA,C208,N32WA,,FAI,,,
527936050,0,,,,,,,,
527936139,11290992,N891EA,DH8A,,,MRI,,,
527936193,10969544,N575JD,C208,N575JD,,FAI,,,
527936718,11282783,N883EA,DH8A,,,ANC,,,
527937102,10497097,N110AX,B190,AER31,KO31,ANC,,,
527937317,10691224,N30063,P28A,N30063,N363,,,,
527937367,11214905,N816FX,AT73,CFS663,EM663,ANC,FAI,FAI,
527937548,0,,,IAR700,,ILI,,,
527937589,11377235,N976E,C208,N976E,,,,,
527937797,11102132,N705FX,C208,CFS8735,EM8735,ANC,ENA,ENA,
527937783,0,,,,,,,,
527938051,10939938,N5459R,C172,N5459R,,,,,
527938239,10940220,N546LM,BE20,N546LM,,FAI,,,
527938425,11329865,N929TG,C208,N929TG,,ENA,ANC,ANC,
527938833,11389058,N9877R,DHC2,REGAL77R,,ANC,,,
527938963,10742356,N351UP,B763,UPS104,5X104,ANC,KIX,KIX,
527938915,7866914,BLNJ,A332,CRK081,HX81,YVR,HKG,HKG,
527938946,11015393,N62LC,DHC2,REGAL2LC,,ANC,,,
527939684,11379698,N97811,C172,N97811,N97811,MRI,,,
527939704,7864990,B2425,B744,CKK228,CK228,ORD,ANC,ANC,
527939714,10978517,N584AS,B738,ASA55,AS55,ANC,SCC,SCC,
527939784,10941171,N547LM,BE20,LN547LM,,ANC,,,
527939849,11345782,N9448B,C208,N9448B,,AKN,,,
527939878,0,,,,B6788,,,,
527940436,11393563,N992AK,BE99,,,ANC,,,
527940672,11112505,N715SJ,PC12,,,,,,
527941254,0,,,,,,,,
527941655,10711645,N321DL,B732,,,OTZ,,,
527942123,11006598,N611AS,B737,ASA154,AS154,OTZ,ANC,ANC,
527942176,10812232,N42WP,PA31,WAV2WP,,FAI,,,
527942672,7867079,BLGA,A359,CRK069,HX69,LAX,HKG,HKG,
527942805,11291943,N892EA,DH8A,RVF874,7H874,ANC,HOM,HOM,
527943016,10613425,N2243U,B77W,UAL888,UA888,SFO,PEK,PEK,
527943230,7867391,B5941,A332,CES582,MU582,YVR,,,
527943567,10828930,N4365U,C208,,,FAI,,,
527943749,10699608,N30913,B788,UAL143,UA143,DEN,NRT,NRT,
527943993,0,,,TNV122,,,,,
527943957,7864894,BKPR,B77W,CPA885,CX885,LAX,HKG,HKG,
527944123,7868417,B7835,B789,CHH7956,HU7956,SEA,PVG,PVG,
527944408,7453186,HL7202,B77W,KAL020,KE20,SEA,ICN,ICN,
527944691,10792322,N400K,C185,N400K,,FAI,FAI,FAI,
527944817,10503754,N117AX,B190,,,,,,
527944750,10962099,N568AS,B738,ASA178,AS178,ANC,FAI,FAI,
527944956,10680718,N291DT,PC12,TN291DT,,MCG,,,
527945051,11078635,N682PA,SB20,,,MRI,,,
527945028,7454233,HL7619,A388,KAL018,KE18,LAX,ICN,ICN,
527945151,11076733,N680PA,SB20,NLA3298,KS3298,MRI,DUT,CDB,
527945286,10875855,N483AS,B739,ASA119,AS119,SEA,ANC,ANC,
527945207,7454273,HL7641,A388,AAR201,OZ201,LAX,ICN,RKS,
527945194,11022415,N627AS,B737,ASA7015,AS7015,ANC,SCC,SCC,
527945342,10501852,N115AX,B190,AER41,KO41,,,ANC,
527945310,0,,,,,,,,
527945940,10828930,N4365U,C208,,,,,,
527946088,11077684,N681PA,SB20,,,ANC,,,
527946167,10940220,N546LM,BE20,N546LM,,,FAI,FAI,
527946360,7867030,BKQX,B77W,CPA879,CX879,SFO,HKG,HKG,
527946728,7869471,B1138,B789,CHH7960,HU7960,YVR,SZX,SZX,
527946835,11112505,N715SJ,PC12,IAR701,,ANC,,,
527946865,10956393,N562AS,B738,ASA131,AS131,PDX,ANC,ANC,
527947360,11371004,N97HA,C208,N97HA,,,,,
527947517,7868674,B7882,B77W,CES586,MU586,LAX,PVG,PVG,
527947963,7454729,HL8009,B77W,KAL024,KE24,SFO,ICN,ICN,
527948048,11213273,N814SS,DHC6,N814SS,,ENA,ENA,ENA,
527948297,10607673,N219PC,PC12,RYA219,7S219,ANC,SVW,SVW,
527948767,11009451,N614AS,B737,ASA43,AS43,ANC,BET,BET,
527948720,10556288,N169DZ,B763,DAL69,DL69,PDX,NRT,NRT,
527949120,0,,,,,,,,
527949449,11329865,N929TG,C208,N929TG,GV514,ANC,ENA,ENA,
527949999,10751553,N360WA,B733,A,,,ANC,ANC,
527950098,10549288,N1613B,B763,DAL199,DL199,SEA,ICN,ICN,
527950250,7867154,B2733,B788,CSN330,CZ330,YVR,CAN,CAN,
527950456,11377235,N976E,C208,N976E,,FAI,,,
527950517,11149834,N752FX,C208,CFS7676,EM7676,HOM,ANC,ANC,
527950570,0,,,,L2405,,,,
527950630,10856845,N464MC,B744,GTI8904,5Y8904,ANC,,,
527950658,0,,C208,GUN510,GV510,ENA,ENA,ENA,
527950970,0,,,,,,,,
527951159,11364957,N9635L,C172,CAP5035,,MRI,,,
527951306,10939269,N545LM,BE20,N545LM,,ANC,,,
527951275,10549185,N1610D,B763,DAL167,DL167,SEA,NRT,NRT,
527951447,10547432,N16SC,PA31,N16SC,,ANC,,,
527951385,0,,,,,,,,
527951808,10819944,N428AS,B739,ASA96,AS96,ANC,SEA,SEA,
527952129,0,,,,,,,,
527952188,7868221,B7349,B77W,CES590,MU590,SFO,PVG,PVG,
527952294,11046914,N65065,C172,,,MRI,MRI,MRI,
527952428,11285636,N886EA,DH8A,,,MRI,,,
527952786,0,,DH8A,RVF830,7H830,ANC,ENA,ENA,
527953016,12594873,CFRSA,B789,ACA017,AC17,YVR,TPE,TPE,
527953208,11021464,N626AS,B737,ASA9623,AS9623,OTZ,ANC,ANC,
527953530,0,,PA31,HAG0AK,,FAI,,,
527953916,10695424,N305MH,B06,N305MH,,HOM,,,
527953932,7866991,BLJL,B748,CPA3291,CX3291,ANC,HKG,HKG,
527953993,11389058,N9877R,DHC2,REGAL77R,,,,,
527954244,10941171,N547LM,BE20,LN547LM,,DLG,,,
527954480,7867768,B2763,B788,CXA846,MF846,SEA,SZX,SZX,
527954438,11291943,N892EA,DH8A,,,HOM,,,
527954595,10553269,N1658D,C170,N1658D,,MRI,,,
527954636,10947233,N553AS,B738,ASA132,AS132,FAI,SEA,SEA,
527954778,12594877,CFRSE,B789,ACA025,AC25,YVR,PVG,PVG,
527954753,11138685,N741CK,B744,CKS427,K4427,EDF,SUU,SUU,
527954750,0,,B190,AER65,KO65,DUT,ANC,ANC,
527954913,10969544,N575JD,C208,N575JD,,,,,
527954969,8835652,JA813A,B788,ANA177,NH177,SEA,NRT,NRT,
527955006,11290992,N891EA,DH8A,,,,,,
527955218,12594919,CFRTU,B789,ACA007,AC7,YVR,HKG,HKG,
527955693,10548510,N1608,B763,DAL589,DL589,SEA,PVG,PVG,
527955852,11039784,N644AS,B737,,,ANC,,,
527956092,0,,C441,SVX41,,,,,
527956927,11046914,N65065,C172,,,MRI,,,
527957014,10596783,N208W,C208,,,,,,
527957140,11213273,N814SS,DHC6,N814SS,,ENA,ENA,ENA,
527957695,0,,,,,,,,
527957910,10962099,N568AS,B738,ASA192,AS192,FAI,ANC,ANC,
527957968,10767578,N3763D,B738,DAL1901,DL1901,SEA,ANC,ANC,
527958270,11397075,N99519,R44,,,MRI,MRI,MRI,
527958214,10512184,N125KT,C185,N125KT,,,,,
527958607,0,,,WAV34D,,,,,
527958529,0,,,,,,,,
527958579,11006598,N611AS,B737,ASA538,AS538,ANC,FAI,FAI,
527958714,10553738,N166SB,PC12,N166SB,,ANC,ENA,ENA,
527958788,11329865,N929TG,C208,N929TG,,ENA,ANC,ANC,
527958736,11010307,N61473,C185,N61473,N61473,FAI,,,
527959101,11041687,N646AT,C208,N646AT,,,,,
527959142,11128335,N73047,C207,N73047,N73047,MRI,BVU,BVU,
527959362,7868765,B8386,A333,CA992,CA992,YVR,PEK,PEK,
527959322,10607673,N219PC,PC12,RYA219,7S219,SVW,ANC,ANC,
527959710,12594887,CFRSO,B789,ACA063,AC63,YVR,YYJ,ICN,
527959694,7454609,HL7791,B772,AAR271,OZ271,SEA,ICN,ICN,
527959638,10799003,N407KZ,B744,GTI7136,5Y7136,ANC,ORD,ORD,
527959900,10836138,N4434D,PA31,WAV34D,,,FAI,FAI,
527960980,0,,,,,,,,
527961158,11306734,N906RA,SF34,,,,,,
527961204,8836746,JA828J,B788,JAL17,JL17,YVR,NRT,NRT,
527961113,7867036,BHNR,B77W,CPA837,CX837,YVR,HKG,HKG,
527961298,0,,B190,AER53,KO53,ANC,ILI,ILI,
527961473,10487010,N100BW,DH3T,N100BW,,,,,
527961748,0,,,,B6751,,,,
527961915,10691224,N30063,P28A,N30063,N363,,,,
527962481,0,,B737,ASA7001,AS7001,,,,
527962513,10710508,N32WA,C208,N32WA,,,,,
527962561,10979581,N585FE,MD11,FDX22,FX22,ANC,IND,IND,
527962677,11143527,N746FX,C208,CFS7661,EM7661,ENA,ANC,ANC,
527962744,0,,,,,,,,
527962804,11102132,N705FX,C208,CFS7735,EM7735,ENA,ANC,ANC,
527962859,0,,,CON132,,SCC,,,
527962864,11214905,N816FX,AT73,CFS663,EM663,FAI,ANC,ANC,
527962857,10695424,N305MH,B06,N305MH,,,HOM,HOM,
527963023,0,,,,,,,,
527963095,7455254,HL8216,B77W,KAL072,KE72,YVR,ICN,ICN,
527963091,11329865,N929TG,C208,N929TG,GV514,ANC,ENA,ENA,
527963316,10573626,N186CT,C180,N186CT,,ANC,,,
527963534,11377235,N976E,C208,N976E,,,,,
527963533,10547432,N16SC,PA31,N16SC,,,,,
527963686,7455313,HL8251,B77L,KAL8235,KE8235,ANC,ORD,ORD,
527963695,10969690,N575Q,B190,N575Q,,,FAI,FAI,
527963753,12589665,CFJZS,B77W,ACA029,AC29,YVR,PEK,PEK,
527964048,11307461,N907GB,CC11,N907GB,,ANC,,,
527964443,11371004,N97HA,C208,N97HA,,FAI,,,
527964684,10497097,N110AX,B190,AER31,KO31,ANC,ANC,ANC,
527964850,10969544,N575JD,C208,N575JD,,FAI,,,
527964787,11290992,N891EA,DH8A,,,MRI,,,
527964954,11291943,N892EA,DH8A,,,ANC,,,
527965269,12615231,CGVVA,DHC6,CGVVA,,FAI,ANC,ANC,
527965197,11128335,N73047,C207,N73047,N73047,,MRI,MRI,
527965236,0,,DH8A,RVF834,7H834,ENA,ENA,ENA,
527965860,11315700,N915HG,R44,N915HG,,MRI,MRI,MRI,
527966491,11015393,N62LC,DHC2,REGAL2LC,,ANC,ANC,ANC,
527966745,10711645,N321DL,B732,,,ANC,,,
527966716,10978517,N584AS,B738,ASA55,AS55,BRW,FAI,FAI,
527967292,11009451,N614AS,B737,ASA44,AS44,BET,ANC,ANC,
527967714,0,,,,,,,,
527967705,11036932,N641AT,PC12,N641AT,,MRI,ENA,ENA,
527967925,0,,,,,,,,
527968122,11329865,N929TG,C208,N929TG,,ENA,ANC,ANC,
527968137,11285636,N886EA,DH8A,,,MRI,,,
527968151,11213273,N814SS,DHC6,N814SS,,ENA,ANC,ANC,
527968453,11128335,N73047,C207,N73047,N73047,MRI,,,
527968721,11002193,N607AS,B737,ASA65,AS65,JNU,ANC,ANC,
527968720,12595128,CFSBV,B789,ACA003,AC3,YVR,NRT,NRT,
527968976,10665996,N27663,PA31,N27663,N27663,FAI,BTT,BTT,
527968987,7453728,HL7420,B744,AAR5873,OZ5873,ANC,ORD,ORD,
527969047,11315700,N915HG,R44,N915HG,,,,,
527969358,11006598,N611AS,B737,ASA538,AS538,FAI,SCC,SCC,
527969882,0,,,,,,,,
527970150,10745378,N35408,C172,NA,,MRI,WWA,WWA,
527970400,10637704,N249BA,BLCF,GTI4131,5Y4131,ANC,CHS,CHS,
527970351,10710508,N32WA,C208,N32WA,,FAI,,,
527970335,10711645,N321DL,B732,,,,,,
527970733,10828930,N4365U,C208,,,,FAI,FAI,
527970683,10542136,N1546C,C180,N1546C,,MRI,MRI,MRI,
527970883,11020513,N625AS,B737,,AS7001,JNU,ANC,ANC,
527970942,11136811,N7392U,C207,,,,,,
527971125,0,,,,,,,,
527971518,11312032,N911NT,AS50,N911NT,,,,,
527972119,10672426,N283AK,B739,ASA92,AS92,ANC,SEA,PDX,
527972289,10845919,N453SP,C172,N453SP,,MRI,MRI,MRI,
527972677,0,,,,N3255,,,,
527972887,10846782,N454PA,B744,PAC998,PO998,ANC,CVG,CVG,
527972941,11290992,N891EA,DH8A,,,,,,
527973184,11291943,N892EA,DH8A,,,,,,
527973193,11078635,N682PA,SB20,NLA3298,AS3298,CDB,ANC,ANC,
527973638,0,,,,,,,,
527973741,11329865,N929TG,C208,N929TG,GV514,ANC,ENA,ENA,
527973871,10969690,N575Q,B190,HAG75Q,H68510,FAI,NUI,NUI,
527974539,0,,,ASA61,,,,,
527974638,11389058,N9877R,DHC2,REGAL77R,,,,,
527974718,11022415,N627AS,B737,ASA7015,AS7015,BRW,ANC,ANC,
527975442,0,,,GUN51M,,AKN,,,
527975624,10764669,N3731T,B738,DAL1886,DL1886,ANC,SEA,SEA,
527975828,10745378,N35408,C172,NA,,,MRI,MRI,
527975947,11077684,N681PA,SB20,,,,,,
527977017,10970755,N576UP,B744,UPS99,5X99,ANC,SDF,SDF,
527976957,0,,,IAR702,,KNK,,,
527977170,11002306,N607FE,MD11,FDX84,FX84,ANC,MEM,MEM,
527977424,11021464,N626AS,B737,ASA7098,AS7098,ANC,CDV,CDV,
527977520,11213273,N814SS,DHC6,N814SS,,ANC,ENA,ENA,
527977676,10737951,N347UP,B763,UPS109,5X109,ANC,SDF,SDF,
527978214,11371004,N97HA,C208,N97HA,,,,,
527978655,10573626,N186CT,C180,N186CT,,,,,
527979114,11329865,N929TG,C208,N929TG,,ENA,ANC,ANC,
527979210,11382518,N981BB,BE20,N981BB,,ANC,ANC,ANC,
527979163,0,,,,,,,,
527979300,10542136,N1546C,C180,N1546C,,MRI,,,
527980077,11112505,N715SJ,PC12,,,,,,
527980412,10928195,N534L,PA18,N534L,,ANC,,,
527980909,11004095,N609AS,B737,ASA50,AS50,ANC,SCC,SCC,
527980953,11146232,N749,C185,N749,N749,ANC,,,
527980936,11128335,N73047,C207,N73047,N73047,MRI,BVU,BVU,
527981142,10978517,N584AS,B738,ASA55,AS55,FAI,ANC,ANC,
527981086,10845919,N453SP,C172,N453SP,,MRI,EDF,EDF,
527981365,11290992,N891EA,DH8A,,,MRI,,,
527981408,0,,B190,HAG75Q,,,,,
527981579,11000738,N605UP,B748,UPS63,5X63,ANC,SDF,SDF,
527981693,11377235,N976E,C208,N976E,,FAI,,,
527982281,11078635,N682PA,SB20,,,,,,
